{
  "project_info": {
    "project_number": "413742025811",
    "project_id": "teste-sa-666f5",
    "storage_bucket": "teste-sa-666f5.appspot.com"
  },
  "client": [
    {
      "client_info": {
        "mobilesdk_app_id": "1:413742025811:android:78fd13d5124c593c4f8aa6",
        "android_client_info": {
          "package_name": "com.example.sa"
        }
      },
      "oauth_client": [
        {
          "client_id": "413742025811-dd6urs1pkfpig8b24ppjm16f2qdus50s.apps.googleusercontent.com",
          "client_type": 3
        }
      ],
      "api_key": [
        {
          "current_key": "AIzaSyCVjbUsWFffbD9an5TBVnk8CZUdcJEI9K8"
        }
      ],
      "services": {
        "appinvite_service": {
          "other_platform_oauth_client": [
            {
              "client_id": "413742025811-dd6urs1pkfpig8b24ppjm16f2qdus50s.apps.googleusercontent.com",
              "client_type": 3
            }
          ]
        }
      }
    }
  ],
  "configuration_version": "1"
}