{
  "project_info": {
    "project_number": "1056809151930",
    "project_id": "thegoodme-53959",
    "storage_bucket": "thegoodme-53959.appspot.com"
  },
  "client": [
    {
      "client_info": {
        "mobilesdk_app_id": "1:1056809151930:android:02065d52fcb8f293e1c183",
        "android_client_info": {
          "package_name": "com.example.thegoodme"
        }
      },
      "oauth_client": [
        {
          "client_id": "1056809151930-gbuvcltbec20bsc1iftfked59b2gocf0.apps.googleusercontent.com",
          "client_type": 3
        }
      ],
      "api_key": [
        {
          "current_key": "AIzaSyBrN5glSbwVldDY_buWcRFcSh52xKBcTsI"
        }
      ],
      "services": {
        "appinvite_service": {
          "other_platform_oauth_client": [
            {
              "client_id": "1056809151930-gbuvcltbec20bsc1iftfked59b2gocf0.apps.googleusercontent.com",
              "client_type": 3
            }
          ]
        }
      }
    }
  ],
  "configuration_version": "1"
}